{
  "Body Keypoints": {
    "": {
      "Nose": {
        "x": 648.945,
        "y": 229.745,
        "z": 0.892217
      },
      "Neck": {
        "x": 648.955,
        "y": 396.242,
        "z": 0.732726
      },
      "RShoulder": {
        "x": 517.718,
        "y": 400.109,
        "z": 0.5383
      },
      "RElbow": {
        "x": 460.807,
        "y": 572.592,
        "z": 0.715726
      },
      "RWrist": {
        "x": 574.538,
        "y": 602.036,
        "z": 0.773094
      },
      "LShoulder": {
        "x": 778.277,
        "y": 394.245,
        "z": 0.606916
      },
      "LElbow": {
        "x": 831.159,
        "y": 568.652,
        "z": 0.668138
      },
      "LWrist": {
        "x": 711.723,
        "y": 600.022,
        "z": 0.69463
      },
      "MidHip": {
        "x": 648.994,
        "y": 715.589,
        "z": 0.187249
      },
      "RHip": {
        "x": 566.693,
        "y": 715.589,
        "z": 0.131773
      },
      "RKnee": {
        "x": 0,
        "y": 0,
        "z": 0
      },
      "RAnkle": {
        "x": 0,
        "y": 0,
        "z": 0
      },
      "LHip": {
        "x": 723.418,
        "y": 715.593,
        "z": 0.197311
      },
      "LKnee": {
        "x": 0,
        "y": 0,
        "z": 0
      },
      "LAnkle": {
        "x": 0,
        "y": 0,
        "z": 0
      },
      "REye": {
        "x": 623.493,
        "y": 212.011,
        "z": 0.908671
      },
      "LEye": {
        "x": 674.422,
        "y": 212.063,
        "z": 0.889612
      },
      "REar": {
        "x": 592.126,
        "y": 235.584,
        "z": 0.828903
      },
      "LEar": {
        "x": 709.729,
        "y": 241.453,
        "z": 0.919207
      },
      "LBigToe": {
        "x": 0,
        "y": 0,
        "z": 0
      },
      "LSmallToe": {
        "x": 0,
        "y": 0,
        "z": 0
      },
      "LHeel": {
        "x": 0,
        "y": 0,
        "z": 0
      },
      "RBigToe": {
        "x": 0,
        "y": 0,
        "z": 0
      },
      "RSmallToe": {
        "x": 0,
        "y": 0,
        "z": 0
      },
      "RHeel": {
        "x": 0,
        "y": 0,
        "z": 0
      }
    }
  },
  "Left Hand Keypoints": {
    "": {
      "Left Wrist": {
        "x": 584.726,
        "y": 605.693,
        "z": 0.235751
      },
      "Left Thumb1": {
        "x": 605.452,
        "y": 623.745,
        "z": 0.208794
      },
      "Left Thumb2": {
        "x": 627.515,
        "y": 634.442,
        "z": 0.207218
      },
      "Left Thumb3": {
        "x": 649.578,
        "y": 644.471,
        "z": 0.126904
      },
      "Left Thumb4": {
        "x": 671.641,
        "y": 643.802,
        "z": 0.0708157
      },
      "Left Index1": {
        "x": 628.184,
        "y": 629.094,
        "z": 0.348407
      },
      "Left Index2": {
        "x": 659.607,
        "y": 640.459,
        "z": 0.75571
      },
      "Left Index3": {
        "x": 681.001,
        "y": 635.779,
        "z": 0.681077
      },
      "Left Index4": {
        "x": 696.378,
        "y": 630.431,
        "z": 0.780572
      },
      "Left Middle1": {
        "x": 625.509,
        "y": 611.711,
        "z": 0.447236
      },
      "Left Middle2": {
        "x": 665.624,
        "y": 622.408,
        "z": 0.715261
      },
      "Left Middle3": {
        "x": 685.681,
        "y": 617.728,
        "z": 0.646736
      },
      "Left Middle4": {
        "x": 699.721,
        "y": 615.722,
        "z": 0.706567
      },
      "Left Ring1": {
        "x": 622.835,
        "y": 590.985,
        "z": 0.523852
      },
      "Left Ring2": {
        "x": 659.607,
        "y": 597.671,
        "z": 0.55689
      },
      "Left Ring3": {
        "x": 674.984,
        "y": 596.333,
        "z": 0.603261
      },
      "Left Ring4": {
        "x": 685.681,
        "y": 591.653,
        "z": 0.776181
      },
      "Left Pinky1": {
        "x": 619.492,
        "y": 570.259,
        "z": 0.63753
      },
      "Left Pinky2": {
        "x": 642.892,
        "y": 568.253,
        "z": 0.68516
      },
      "Left Pinky3": {
        "x": 654.927,
        "y": 570.259,
        "z": 0.722979
      },
      "Left Pinky4": {
        "x": 669.635,
        "y": 574.27,
        "z": 0.842002
      }
    }
  },
  "Right Hand Keypoints": {
    "": {
      "Right Wrist": {
        "x": 573.423,
        "y": 607.754,
        "z": 0.445738
      },
      "Right Thumb1": {
        "x": 593.412,
        "y": 585.766,
        "z": 0.559829
      },
      "Right Thumb2": {
        "x": 620.064,
        "y": 566.444,
        "z": 0.855425
      },
      "Right Thumb3": {
        "x": 646.716,
        "y": 571.108,
        "z": 0.82901
      },
      "Right Thumb4": {
        "x": 668.038,
        "y": 573.107,
        "z": 0.760377
      },
      "Right Index1": {
        "x": 626.061,
        "y": 595.095,
        "z": 0.8155
      },
      "Right Index2": {
        "x": 662.041,
        "y": 598.426,
        "z": 0.891673
      },
      "Right Index3": {
        "x": 678.033,
        "y": 597.093,
        "z": 0.886593
      },
      "Right Index4": {
        "x": 688.693,
        "y": 593.762,
        "z": 0.82723
      },
      "Right Middle1": {
        "x": 626.727,
        "y": 613.751,
        "z": 0.802043
      },
      "Right Middle2": {
        "x": 663.374,
        "y": 623.745,
        "z": 0.8687
      },
      "Right Middle3": {
        "x": 684.029,
        "y": 619.748,
        "z": 0.904077
      },
      "Right Middle4": {
        "x": 697.355,
        "y": 614.417,
        "z": 0.841035
      },
      "Right Ring1": {
        "x": 626.727,
        "y": 628.41,
        "z": 0.706512
      },
      "Right Ring2": {
        "x": 658.71,
        "y": 640.403,
        "z": 0.834126
      },
      "Right Ring3": {
        "x": 679.365,
        "y": 636.405,
        "z": 0.862068
      },
      "Right Ring4": {
        "x": 694.024,
        "y": 629.742,
        "z": 0.849671
      },
      "Right Pinky1": {
        "x": 627.394,
        "y": 638.404,
        "z": 0.662386
      },
      "Right Pinky2": {
        "x": 652.047,
        "y": 646.4,
        "z": 0.705491
      },
      "Right Pinky3": {
        "x": 663.374,
        "y": 645.067,
        "z": 0.486324
      },
      "Right Pinky4": {
        "x": 672.702,
        "y": 641.069,
        "z": 0.440906
      }
    }
  },
  "Face Keypoints": {
    "": {
      "Face_0": {
        "x": 597.345,
        "y": 219.236,
        "z": 0.83702
      },
      "Face_1": {
        "x": 595.385,
        "y": 231.65,
        "z": 0.840886
      },
      "Face_2": {
        "x": 596.692,
        "y": 246.676,
        "z": 0.852777
      },
      "Face_3": {
        "x": 599.305,
        "y": 261.05,
        "z": 0.872488
      },
      "Face_4": {
        "x": 601.265,
        "y": 273.463,
        "z": 0.85653
      },
      "Face_5": {
        "x": 609.105,
        "y": 286.53,
        "z": 0.822709
      },
      "Face_6": {
        "x": 618.252,
        "y": 296.983,
        "z": 0.782369
      },
      "Face_7": {
        "x": 630.665,
        "y": 304.17,
        "z": 0.905294
      },
      "Face_8": {
        "x": 645.692,
        "y": 307.436,
        "z": 0.813026
      },
      "Face_9": {
        "x": 660.719,
        "y": 304.823,
        "z": 0.796551
      },
      "Face_10": {
        "x": 673.132,
        "y": 298.943,
        "z": 0.886665
      },
      "Face_11": {
        "x": 687.505,
        "y": 291.103,
        "z": 0.775633
      },
      "Face_12": {
        "x": 697.305,
        "y": 279.343,
        "z": 0.802349
      },
      "Face_13": {
        "x": 703.185,
        "y": 266.93,
        "z": 0.851676
      },
      "Face_14": {
        "x": 704.492,
        "y": 251.903,
        "z": 0.925848
      },
      "Face_15": {
        "x": 704.492,
        "y": 236.876,
        "z": 0.853427
      },
      "Face_16": {
        "x": 705.145,
        "y": 223.156,
        "z": 0.800751
      },